"id_paiement";"date_paiement";"montant";"methode_paiement";"id_employe"
"0";"2024-09-12";"100000";"WAVE";"24"
"1";"2024-09-03";"150000";"Wave";"1"
"2";"2024-09-03";"400000";"GAB";"25"
"3";"2024-09-03";"100000";"GAB";"23"
"4";"2024-09-03";"300000";"GAB";"22"
"5";"2024-09-03";"200000";"WAVE";"21"
"6";"2024-09-03";"300000";"GAB";"20"
"7";"2024-09-03";"100000";"OM";"19"
"8";"2024-09-03";"300000";"GAB";"18"
"9";"2024-09-03";"100000";"OM";"17"
"10";"2024-09-03";"150000";"WAVE";"16"
"11";"2024-09-03";"300000";"GAB";"15"
"12";"2024-09-03";"100000";"OM";"14"
"13";"2024-09-03";"300000";"GAB";"13"
"14";"2024-09-03";"300000";"GAB";"12"
"15";"2024-09-03";"300000";"GAB";"11"
"16";"2024-09-03";"200000";"WAVE";"10"
"17";"2024-09-03";"300000";"GAB";"9"
"18";"2024-09-03";"300000";"GAB";"8"
"19";"2024-09-03";"300000";"GAB";"7"
"20";"2024-09-03";"100000";"WAVE";"6"
"21";"2024-09-03";"100000";"OM";"5"
"22";"2024-09-03";"150000";"OM";"4"
"23";"2024-09-03";"150000";"WAVE";"3"
"24";"2024-09-03";"300000";"GAB";"2"
"25";"2024-09-03";"0";;"1"
"26";"2024-07-03";"0";;"25"
"27";"2024-07-03";"0";;"24"
"28";"2024-07-03";"0";;"23"
"29";"2024-07-03";"0";;"22"
"30";"2024-07-03";"0";;"21"
"31";"2024-07-03";"0";;"20"
"32";"2024-07-03";"0";;"19"
"33";"2024-07-03";"0";;"18"
"34";"2024-07-03";"0";;"17"
"35";"2024-07-03";"0";;"16"
"36";"2024-07-03";"0";;"15"
"37";"2024-07-03";"0";;"14"
"38";"2024-07-03";"0";;"13"
"39";"2024-07-03";"0";;"12"
"40";"2024-07-03";"0";;"11"
"41";"2024-07-03";"0";;"10"
"42";"2024-07-03";"0";;"9"
"43";"2024-07-03";"0";;"8"
"44";"2024-07-03";"0";;"7"
"45";"2024-07-03";"0";;"6"
"46";"2024-07-03";"0";;"5"
"47";"2024-07-03";"0";;"4"
"48";"2024-07-03";"0";;"3"
"49";"2024-07-03";"0";;"2"
"50";"2024-07-03";"0";;"1"
"51";"2024-07-03";"0";;"2"
"52";"2024-07-03";"0";;"3"
"53";"2024-07-03";"0";;"4"
"54";"2024-07-03";"0";;"5"
"55";"2024-07-03";"0";;"6"
"56";"2024-07-03";"0";;"7"
"57";"2024-07-03";"0";;"8"
"58";"2024-07-03";"0";;"9"
"59";"2024-07-03";"0";;"10"
"60";"2024-07-03";"0";;"11"
"61";"2024-07-03";"0";;"12"
"62";"2024-07-03";"0";;"13"
"63";"2024-07-03";"0";;"14"
"64";"2024-07-03";"0";;"15"
"65";"2024-07-03";"0";;"16"
"66";"2024-07-03";"0";;"17"
"67";"2024-07-03";"0";;"18"
"68";"2024-07-03";"0";;"19"
"69";"2024-07-03";"0";;"20"
"70";"2024-07-03";"0";;"21"
"71";"2024-07-03";"0";;"22"
"72";"2024-07-03";"0";;"23"
"73";"2024-07-03";"0";;"24"
"74";"2024-07-03";"0";;"25"
"75";"2024-07-03";"0";;"1"
"76";"2024-08-08";"0";;"25"
"77";"2024-08-08";"0";;"24"
"78";"2024-08-08";"0";;"23"
"79";"2024-08-08";"0";;"22"
"80";"2024-08-08";"0";;"21"
"81";"2024-08-08";"0";;"20"
"82";"2024-08-08";"0";;"19"
"83";"2024-08-08";"0";;"18"
"84";"2024-08-08";"0";;"17"
"85";"2024-08-08";"0";;"16"
"86";"2024-08-08";"0";;"15"
"87";"2024-08-08";"0";;"14"
"88";"2024-08-08";"0";;"13"
"89";"2024-08-08";"0";;"12"
"90";"2024-08-08";"0";;"11"
"91";"2024-08-08";"0";;"10"
"92";"2024-08-08";"0";;"9"
"93";"2024-08-08";"0";;"8"
"94";"2024-08-08";"0";;"7"
"95";"2024-08-08";"0";;"6"
"96";"2024-08-08";"0";;"5"
"97";"2024-08-08";"0";;"4"
"98";"2024-08-08";"0";;"3"
"99";"2024-08-08";"0";;"2"
"100";"2024-08-08";"0";;"1"
"101";"2024-06-01";"0";;"1"
"102";"2024-06-01";"0";;"2"
"103";"2024-06-01";"0";;"3"
"104";"2024-06-01";"0";;"4"
"105";"2024-06-01";"0";;"5"
"106";"2024-06-01";"0";;"6"
"107";"2024-06-01";"0";;"7"
"108";"2024-06-01";"0";;"8"
"109";"2024-06-01";"0";;"9"
"110";"2024-06-01";"0";;"10"
"111";"2024-06-01";"0";;"11"
"112";"2024-06-01";"0";;"12"
"113";"2024-06-01";"0";;"13"
"114";"2024-06-01";"0";;"14"
"115";"2024-06-01";"0";;"15"
"116";"2024-06-01";"0";;"16"
"117";"2024-06-01";"0";;"17"
"118";"2024-06-01";"0";;"18"
"119";"2024-06-01";"0";;"19"
"120";"2024-06-01";"0";;"20"
"121";"2024-06-01";"0";;"21"
"122";"2024-06-01";"0";;"22"
"123";"2024-06-01";"0";;"23"
"124";"2024-06-01";"0";;"24"
"125";"2024-06-01";"0";;"25"
